{"count":1,"self":14.151771199999999,"total":14.1862493,"children":{"InitializeActuators":{"count":1,"self":0.0019944999999999997,"total":0.0019944999999999997,"children":null},"InitializeSensors":{"count":1,"self":0.00099739999999999985,"total":0.00099739999999999985,"children":null},"AgentSendState":{"count":480,"self":0.0105528,"total":0.0155391,"children":{"CollectObservations":{"count":480,"self":0.0029912,"total":0.0029912,"children":null},"WriteActionMask":{"count":480,"self":0.0009977,"total":0.0009977,"children":null},"RequestDecision":{"count":480,"self":0.00099739999999999985,"total":0.00099739999999999985,"children":null}}},"DecideAction":{"count":480,"self":0.0079674999999999989,"total":0.0079674999999999989,"children":null},"AgentAct":{"count":480,"self":0.0059856,"total":0.0059856,"children":null}},"gauges":{"agent_navigation.CumulativeReward":{"count":1,"max":-2.89999676,"min":-2.89999676,"runningAverage":-2.89999676,"value":-2.89999676,"weightedAverage":-2.89999676}},"metadata":{"timer_format_version":"0.1.0","start_time_seconds":"1644758485","unity_version":"2020.3.28f1","command_line_arguments":"C:\\Program Files\\Unity\\Hub\\Editor\\2020.3.28f1\\Editor\\Unity.exe -projectpath C:\\Users\\corsi\\Desktop\\Unity Project\\UnityRL -useHub -hubIPC -cloudEnvironment production -licensingIpc LicenseClient-corsi -hubSessionId 55888f40-8ccd-11ec-beb1-f98f6f77ceb8","communication_protocol_version":"1.5.0","com.unity.ml-agents_version":"2.2.1-exp.1","scene_name":"SampleScene","end_time_seconds":"1644758499"}}