{"count":1,"self":4.0442268,"total":48.337171299999994,"children":{"InitializeActuators":{"count":1,"self":0.0020131999999999997,"total":0.0020131999999999997,"children":null},"InitializeSensors":{"count":1,"self":0.0020001999999999997,"total":0.0020001999999999997,"children":null},"AgentSendState":{"count":14844,"self":0.3121731,"total":0.67241069999999992,"children":{"CollectObservations":{"count":14844,"self":0.0646392,"total":0.0646392,"children":null},"WriteActionMask":{"count":14844,"self":0.019015,"total":0.019015,"children":null},"RequestDecision":{"count":14844,"self":0.0229496,"total":0.2765834,"children":{"AgentInfo.ToProto":{"count":14844,"self":0.0579069,"total":0.25363379999999996,"children":{"GenerateSensorData":{"count":14844,"self":0.17879589999999998,"total":0.19572689999999998,"children":{"RayPerceptionSensor.Perceive":{"count":14844,"self":0.016930999999999998,"total":0.016930999999999998,"children":null}}}}}}}}},"DecideAction":{"count":14844,"self":43.5420288,"total":43.542027999999995,"children":null},"AgentAct":{"count":14844,"self":0.0725291,"total":0.0725291,"children":null}},"gauges":{},"metadata":{"timer_format_version":"0.1.0","start_time_seconds":"1670487966","unity_version":"2021.3.1f1","command_line_arguments":"C:\\Users\\adiel\\Documents\\Robotis\\TurtlebotAndBP\\env\/windows_training\/SafeRobotics\\SafeRobotics.exe --mlagents-port 5005","communication_protocol_version":"1.5.0","com.unity.ml-agents_version":"2.3.0-exp.2","scene_name":"SafetyGym","end_time_seconds":"1670488014"}}